NAME,NATIVE_AMERICAN_NAME,MEANING,LOCATION,TRIBE,COMMENT,COUNTY,LATITUDE,LONGITUDE,ObjectId,GlobalID,CreationDate,Creator,EditDate,Editor
Apache Fort,ti'ihiineniicebtiit,Apache Fort,Upper Beaver Meadows,Arapaho,ca. 1838 battle with Apache,Larimer,40.36975097,-105.6153989,1,{0F4B4710-BA07-473B-8563-492E44083783},2022-06-14 20:18:33,Seth.Greer_ucboulder,2022-06-29 22:51:55,Seth.Greer_ucboulder
Baker Mountain/Pass,heeyeisoono' toh'ou3i'i,Where Sparrow Hawk's Young Hang,Kawuneeche Valley,Arapaho,,Grand,40.37958345,-105.90418,2,{6F1474AE-2CC9-42A8-919E-724372C1CC74},2022-06-14 20:18:33,Seth.Greer_ucboulder,2022-06-14 20:18:33,Seth.Greer_ucboulder
Baker-Brooks Meadow,heebe3iboo3etiit,Big Battle,Kawuneeche Valley,Arapaho,1863 Battle site a mile below Arapahoe Race Course (niitohnonouhti' or Hendricks Flats),Grand,40.35843221,-105.8614306,3,{B0339B7A-C8E7-4455-8C9A-7E8933388020},2022-06-14 20:18:33,Seth.Greer_ucboulder,2022-07-03 16:50:49,Seth.Greer_ucboulder
Glacier Basin,heetohso'owu',Where the Land is Flat,Glacier Basin ,Arapaho,,Larimer,40.32019643,-105.5955161,4,{44DCE2FC-171B-4DEE-BA4C-9911CB09B227},2022-06-14 20:18:33,Seth.Greer_ucboulder,2022-06-29 23:08:09,Seth.Greer_ucboulder
Bearpaws Peaks,woxse'eihtoo,Bear Paw,North Park,Arapaho,Area includes Stones Peak and Mt. Julian,Jackson,40.42350938,-105.9721365,5,{9C35FF02-878E-4622-BBCB-B5CE56E996B6},2022-06-14 20:18:33,Seth.Greer_ucboulder,2022-06-29 23:09:35,Seth.Greer_ucboulder
Beaver Creek,bih'ihiikoh'owu',Deer Creek,Kawuneeche Valley,Arapaho,,Grand,40.39224092,-105.8359631,6,{09004D5D-3144-496D-A111-8ED4E0C8AD44},2022-06-14 20:18:33,Seth.Greer_ucboulder,2022-06-14 20:18:33,Seth.Greer_ucboulder
Bierstadt Lake,ni'ec honoute',Hanging Lake,Glacier Basin ,Arapaho,,Larimer,40.3246848,-105.6242296,7,{076B89BD-CA3B-495F-8979-B02DF926B117},2022-06-14 20:18:33,Seth.Greer_ucboulder,2022-06-29 23:11:18,Seth.Greer_ucboulder
Big Creek Lake,ni'eciikoh'owu',Lake Creek,North Park,Arapaho,Near Buffalo Pass,Jackson,40.65888098,-106.7320868,8,{DBEEF6B9-594B-42CB-8E27-9544A9A44F82},2022-06-14 20:18:33,Seth.Greer_ucboulder,2022-06-14 20:18:33,Seth.Greer_ucboulder
Big Meadows/Tonahutu,toonoxutee',Big Meadow,Big Meadow,Arapaho,,Grand,40.30828778,-105.8089786,9,{F2594172-291D-4515-95B6-0F181FD82671},2022-06-14 20:18:33,Seth.Greer_ucboulder,2022-06-29 23:14:09,Seth.Greer_ucboulder
Big Thompson River,hiicooo,The Pipe River,Estes Park,Arapaho,"""Where pipes were made"" aka ""Sage Chicken""",Larimer,40.35493772,-105.5553114,10,{EE67FD4B-80B0-47F7-9273-8C53EB2019CC},2022-06-14 20:18:33,Seth.Greer_ucboulder,2022-06-29 23:15:54,Seth.Greer_ucboulder
Blue River,biisee3 tih'iikou'uni',Where Blue Paint was Gathered,Middle Park,Arapaho,Souce of paint near Kremmling,Grand,40.02655877,-106.3859682,11,{C5449108-A101-4593-9AAA-A7E9F3D81D92},2022-06-14 20:18:33,Seth.Greer_ucboulder,2022-06-14 20:18:33,Seth.Greer_ucboulder
Boulder Brook,ce'eiinoonoohoet,Rawhide Dish,Estes Park,Arapaho,On north side of Longs Peak,Larimer,40.29513128,-105.6181217,12,{41154196-25C6-401D-94D9-D9CE3E8DC4A2},2022-06-14 20:18:33,Seth.Greer_ucboulder,2022-06-29 23:17:24,Seth.Greer_ucboulder
Buckhorn Creek,coo'oo'oe',Thick Brush,North Park,Arapaho,,Jackson,40.23950872,-106.3093161,13,{D2D41424-D5B1-4E82-BA1A-2EF593D27949},2022-06-14 20:18:33,Seth.Greer_ucboulder,2022-06-14 20:18:33,Seth.Greer_ucboulder
Buffalo Mountain,hii3einoteyoo',Buffalo Mountain,North Park,Arapaho,,Jackson,40.51117693,-106.7354084,14,{FD3964C6-B0D0-4190-AB91-B5A82D6B7643},2022-06-14 20:18:33,Seth.Greer_ucboulder,2022-06-14 20:18:33,Seth.Greer_ucboulder
Buffalo Pass,heneeceibooo,Buffalo Trail,North Park,Arapaho,Fasting location,Jackson,40.54255421,-106.6842026,15,{84521570-4D51-4027-BF1E-92FF06521300},2022-06-14 20:18:33,Seth.Greer_ucboulder,2022-06-14 20:18:33,Seth.Greer_ucboulder
Bull Frog Rock and Sheep Creek,niiinon,The Tipi,North Estes Park,Arapaho,Location unknown  UTM to show it was somewhere in area,Larimer,40.41376687,-105.4745032,16,{D80E93F6-2025-4C87-A2B6-00CBDCA6E40A},2022-06-14 20:18:33,Seth.Greer_ucboulder,2022-06-14 20:18:33,Seth.Greer_ucboulder
Cabin Creek ,woo3ee3i' hebesii,Lots of Beaver ,Tahosa Valley,Arapaho,,Larimer,40.24246175,-105.5467494,17,{2E24D532-2090-45B1-8A4C-8E3BF6215AFA},2022-06-14 20:18:33,Seth.Greer_ucboulder,2022-06-14 20:18:33,Seth.Greer_ucboulder
Chiefs Head Peak,hookuhu'eeno,Heads,Indian Peaks,Arapaho,,Boulder,40.24762592,-105.6395585,18,{BD36B8E4-B8BD-4780-93B5-182F74DC4E75},2022-06-14 20:18:33,Seth.Greer_ucboulder,2022-06-14 20:18:33,Seth.Greer_ucboulder
Clark's Peak,hiwoxuuhuunisoo',Elks Horn,Never Summer Range,Arapaho,,Grand,40.60492123,-105.9292421,19,{6AD6B3C2-031A-4B97-906D-477D6E325FD9},2022-06-14 20:18:33,Seth.Greer_ucboulder,2022-06-14 20:18:33,Seth.Greer_ucboulder
Crystal Mountain,hinooox hoono'uu,Mica Hill,North Estes Park,Arapaho,,Larimer,40.5369057,-105.4298272,20,{BEA19E82-5A8B-405F-B989-B693902A5278},2022-06-14 20:18:33,Seth.Greer_ucboulder,2022-06-14 20:18:33,Seth.Greer_ucboulder
Cub Lake,tihnoo'oenootee' ni'eci',Where there was a Camp around a Lake,Moraine Park,Arapaho,,Larimer,40.34429663,-105.6425429,21,{BF9F8116-CE1A-4891-BCC6-C721E62EB3EF},2022-06-14 20:18:33,Seth.Greer_ucboulder,2022-06-29 23:31:55,Seth.Greer_ucboulder
Denver,niineniiniicie,Tallow River,Denver,Arapaho,,,39.7392,-104.9903,22,{CFDCC7B2-BF83-40C9-93EA-B3E04DB8E5CC},2022-06-14 20:18:33,Seth.Greer_ucboulder,2022-06-14 20:18:33,Seth.Greer_ucboulder
Elk River,neetookooneeniiciihehe',Drowning River,North Park,Arapaho,,Jackson,40.48958855,-106.9683514,23,{CD5492AA-DAE2-4161-8CD5-6EFCB3C10C30},2022-06-14 20:18:33,Seth.Greer_ucboulder,2022-06-14 20:18:33,Seth.Greer_ucboulder
Estes Cone,neneesoteyou'u,Three Mountains,Estes Park,Arapaho,"Names actually refers to Estes Cone, Wind River Cliffs, and a smaller adjacent mountain.",Larimer,40.29337764,-105.5664668,24,{3FAE2523-1920-4711-8B81-2322363E846C},2022-06-14 20:18:33,Seth.Greer_ucboulder,2022-06-29 23:43:02,Seth.Greer_ucboulder
Estes Valley,heetko'einoo',Where it is Circular,Estes Park,Arapaho,,Larimer,40.3755245,-105.5202587,25,{4C04422C-FF7D-4CA6-B906-F7AA4A674881},2022-06-14 20:18:33,Seth.Greer_ucboulder,2022-06-29 23:44:21,Seth.Greer_ucboulder
Fall River,hecesiicooo,Little Pipe River,Estes Park,Arapaho,,Larimer,40.4098261,-105.6511093,26,{38666931-644E-45D6-B28E-DB0E4BD63990},2022-06-14 20:18:33,Seth.Greer_ucboulder,2022-06-14 20:18:33,Seth.Greer_ucboulder
Flatiron Mountain,neenowuxootei'i,They Face to the North,Cache La Poudre,Arapaho,Guess: back of Mummy Range bordering the C La P,Larimer,40.48248452,-105.7106262,27,{FE241AD0-27F4-4FC0-B903-42F9C633A909},2022-06-14 20:18:33,Seth.Greer_ucboulder,2022-06-14 20:18:33,Seth.Greer_ucboulder
Flattop Mountain,heebe3booo,Big Trail,Continental Divide,Arapaho,,Larimer,40.30679989,-105.6895647,28,{3B992E94-362D-4B81-A0D5-92581FA2ACD0},2022-06-14 20:18:33,Seth.Greer_ucboulder,2022-06-14 20:18:33,Seth.Greer_ucboulder
Giant Track Mountain,hinenitee tohnooxeihit,Giant Tracks,Estes Park,Arapaho,,Larimer,40.3452472,-105.5489443,29,{51DDB99F-1880-43CA-AFD9-25D26BC8589B},2022-06-14 20:18:33,Seth.Greer_ucboulder,2022-06-14 20:18:33,Seth.Greer_ucboulder
Grand Lake,beteeni'ec,Holy Lake,west of RMNP,Arapaho,,Grand,40.2522,-105.8231,31,{3ACC97FE-4365-4E01-A8CF-CE85B521AEC9},2022-06-14 20:18:33,Seth.Greer_ucboulder,2022-06-14 20:18:33,Seth.Greer_ucboulder
Grand Lake,heebe3ni'ec,Big Lake,west of RMNP,Arapaho,,Grand,40.2522,-105.8231,32,{43C0C56C-165C-494F-8BC1-B7E7A3D2AC1D},2022-06-14 20:18:33,Seth.Greer_ucboulder,2022-06-14 20:18:33,Seth.Greer_ucboulder
Grand Lake area,ce'eiinox,Game Bag,west of RMNP,Arapaho,,,40.2522,-105.8231,33,{21C34396-C903-4634-90B4-F037387FF424},2022-06-14 20:18:33,Seth.Greer_ucboulder,2022-06-14 20:18:33,Seth.Greer_ucboulder
Green Mountain ?,nookhoosei'iini',Sage Hills,Kawuneeche Valley,Arapaho,Hills between Big Meadows Fork and North Fork of Grand,Grand,40.29495336,-105.8206088,34,{F52EF205-1947-4FBD-8799-C34F2C2C5F22},2022-06-14 20:18:33,Seth.Greer_ucboulder,2023-09-25 23:59:34,Katherine.Ide_ucboulder
Hallett Peak,bonoh'ooonoteyoo',Thunder Peak,Continental Divide,Arapaho,,Grand,40.30073749,-105.6848788,35,{25C8B61B-18D3-457B-984B-1A6BEDD3F7A6},2022-06-14 20:18:33,Seth.Greer_ucboulder,2022-06-14 20:18:33,Seth.Greer_ucboulder
Haynach Lakes,hiiinec,Snow water,Grand Lake,Arapaho,,Grand,40.34369622,-105.7621869,36,{162808FD-4FCC-4B30-AB5F-0944CB6A8C4E},2022-06-14 20:18:33,Seth.Greer_ucboulder,2022-06-14 20:18:33,Seth.Greer_ucboulder
Hedricks Flats,niitohnonouhti',Where We Race,Kawuneeche Valley,Arapaho,8 mi no of GL; winter camp and horse racing track,Grand,40.37341446,-105.8565562,37,{53215E55-1071-4753-9F3E-191748991BED},2022-06-14 20:18:33,Seth.Greer_ucboulder,2022-06-14 20:18:33,Seth.Greer_ucboulder
Horseshoe Park,ciitoowuu',Inside the Lodge,Estes Park,Arapaho,,Larimer,40.40019287,-105.6153814,38,{F4C02A8B-AD03-40BB-87DD-E955667826DB},2022-06-14 20:18:33,Seth.Greer_ucboulder,2022-06-14 20:18:33,Seth.Greer_ucboulder
Joe Wright Creek,hiwoxuukoh'owu',Elk Creek,Never Summer Range,Arapaho,,Larimer,40.52060139,-105.8912568,39,{19EB8525-1C5D-412C-AE66-83C4930205B5},2022-06-14 20:18:33,Seth.Greer_ucboulder,2022-06-14 20:18:33,Seth.Greer_ucboulder
Kaly Cook Springs,hoh'onookeenooxeb,Rock Spring,North Estes Park,Arapaho,aka Devils Washboard; Guess as to spring on USGS,Larimer,40.40767843,-105.4740833,40,{81F50AA4-34A7-436F-A04C-AC84B11D173F},2022-06-14 20:18:33,Seth.Greer_ucboulder,2022-06-14 20:18:33,Seth.Greer_ucboulder
Kawuneeche Valley,koo'ohwuuniicii,Coyote River,Kawuneeche Valley,Arapaho,UTM Center of Valley,Grand,40.32635262,-105.859975,41,{0E8C55C5-96D9-469A-804C-67A6C377CD8C},2022-06-14 20:18:33,Seth.Greer_ucboulder,2022-06-14 20:18:33,Seth.Greer_ucboulder
Lake Haiyaha,hoh'oooyoo',Rocks All Around,Glacier Gorge,Arapaho,,Larimer,40.30266906,-105.6562806,42,{13C27514-6CD9-4BA7-B05E-69244381C649},2022-06-14 20:18:33,Seth.Greer_ucboulder,2022-06-14 20:18:33,Seth.Greer_ucboulder
Lake Nakoni,,traveling in circles,Grand Lake,Arapaho,Said to be the name of a Comanche Band,Grand,40.26158913,-105.7281839,43,{33AF780B-C683-441E-A160-511CB248B032},2022-06-14 20:18:33,Seth.Greer_ucboulder,2022-06-14 20:18:33,Seth.Greer_ucboulder
Lily Lake,hebesokoy,Beaver Lodge,Tahosa Valley,Arapaho,,Larimer,40.30451553,-105.5376354,44,{EBE8F750-263D-44C0-A1AB-6AA6C4696B01},2022-06-14 20:18:33,Seth.Greer_ucboulder,2022-06-14 20:18:33,Seth.Greer_ucboulder
Lily Mountain,heebesokoyonoteyoo',Beaver Lodge Mountain,Tahosa Valley,Arapaho,,Larimer,40.31562332,-105.5416309,45,{B5C0FB27-C4BA-4167-862A-4C257E7EAD92},2022-06-14 20:18:33,Seth.Greer_ucboulder,2022-06-14 20:18:33,Seth.Greer_ucboulder
Little Beaver Creek,boo'oowu',Flows Red,North of ROMO,Arapaho,Minor creek: may be the South Fork of the Cache La Poudre,Larimer,40.62124259,-105.5225741,46,{3608993F-7E86-4177-B1F5-3D99CD8569B1},2022-06-14 20:18:33,Seth.Greer_ucboulder,2022-06-14 20:18:33,Seth.Greer_ucboulder
Longs Peak,neniisoteyou'u,Two Mountains,Continental Divide,Arapaho,Indigenous name refers to both Longs and Meeker,Boulder,40.25306778,-105.6145758,47,{5E7203F4-00F4-442B-B7C4-AC9690FEE81D},2022-06-14 20:18:33,Seth.Greer_ucboulder,2022-07-03 17:02:29,Seth.Greer_ucboulder
Longs Peak Inn Area,hisei tih'iinoxowuso'oneit bes,Where woman was killed,Estes Park,Arapaho,Best Guess at location,Boulder,40.27853049,-105.5458165,48,{634385A7-270E-4098-9F70-DC4F4743597E},2022-06-14 20:18:33,Seth.Greer_ucboulder,2022-07-03 17:03:14,Seth.Greer_ucboulder
Lulu Pass,booh'ooni3esoo',Thunder Pass,Never Summer Range,Arapaho,,Grand,40.47796661,-105.870625,49,{4F67D14F-D131-4D27-AB2E-654DCC1D6A8A},2022-06-14 20:18:33,Seth.Greer_ucboulder,2022-06-14 20:18:33,Seth.Greer_ucboulder
Lumpy Ridge,3ee3i'oteyou'u,The Needles,Estes Park,Arapaho,,Larimer,40.41176412,-105.5369204,50,{1F31507C-B90E-46AA-975C-16894B63F84F},2022-06-14 20:18:33,Seth.Greer_ucboulder,2023-09-25 23:59:35,Katherine.Ide_ucboulder
Manitou Springs,beteenooxeb,Holy Spring,City of Manitou Springs,Arapaho,,El Paso,38.8576,-104.9128,51,{750CB624-3A28-48C1-BC88-C01CD3B90E31},2022-06-14 20:18:33,Seth.Greer_ucboulder,2023-09-25 23:59:35,Katherine.Ide_ucboulder
McCreery Hill Spring,bih'ihiikoh'owu',Deer Creek,North Estes Park,Arapaho,Guess as to spring on USGS,Larimer,40.4218364,-105.472945,52,{35BD5C92-705E-4D7F-9E01-00C9DECF787B},2022-06-14 20:18:33,Seth.Greer_ucboulder,2022-06-14 20:18:33,Seth.Greer_ucboulder
Michigan River,bei'i'einiiciihehe',Little Shell Creek,Never Summer Range,Arapaho,Fossils can be found on lower end of creek,Jackson,40.48074285,-105.8834854,53,{E1898F30-4EFC-4DF4-80B6-28E4075D7175},2022-06-14 20:18:33,Seth.Greer_ucboulder,2022-06-14 20:18:33,Seth.Greer_ucboulder
Mills Lake,teiitooni'ec,Still Lake,Glacier Basin  ,Arapaho,,Larimer,40.28656677,-105.5223995,54,{F0553891-8443-472B-928D-6EB293168A6E},2022-06-14 20:18:33,Seth.Greer_ucboulder,2022-06-14 20:18:33,Seth.Greer_ucboulder
Needles,3ee3i'oteyoo',Lumpy Mountain,Estes Park,Arapaho,,Larimer,40.41358893,-105.5492872,55,{FF798787-29B9-4CE9-BAA1-5C960AAFE990},2022-06-14 20:18:33,Seth.Greer_ucboulder,2022-06-14 20:18:33,Seth.Greer_ucboulder
Neota Mountain,hote' hitee,Mountain Sheep's Heart,Never Summer Range,Arapaho,,Larimer,40.47814101,-105.8617791,56,{02BB10DF-B104-4B60-96EC-E00578EB1391},2022-06-14 20:18:33,Seth.Greer_ucboulder,2022-06-14 20:18:33,Seth.Greer_ucboulder
Never Summer Mountains,niiciibiicei'i,It is Never Summer,Kawuneeche Valley,Arapaho,UTM Center of Mountain Range,Grand,40.39886385,-105.9040373,57,{DE0EA3FA-7338-4FA5-ACAE-20105AD81C0E},2022-06-14 20:18:33,Seth.Greer_ucboulder,2022-06-14 20:18:33,Seth.Greer_ucboulder
Niwot City,nowoo3,Chiefs Name; Left Hand. Arapaho Chief,Eastern Colorodo,Arapaho,Lefthand Canyon was named after fur trapper Andrew Sublette in the area in the 1830s.,Boulder,40.1039,-105.1708,58,{AC2ED36E-17E1-4C16-AF87-21977C5BC024},2022-06-14 20:18:33,Seth.Greer_ucboulder,2022-06-14 20:18:33,Seth.Greer_ucboulder
Niwot Mountain,nowoo3,Chiefs Name; Left Hand. Arapaho Chief,Indian Peaks,Arapaho, ,Boulder,40.05679604,-105.5520162,59,{7F11B418-9274-4C66-B33F-D5C374A2C9CE},2022-06-14 20:18:33,Seth.Greer_ucboulder,2022-06-14 20:18:33,Seth.Greer_ucboulder
Nokhu Craggs,nohuux,Saw-Tooth Mountain or Eagles nest,Never Summer Range,Arapaho,,Grand,40.48254525,-105.8927826,60,{96DBF466-775D-4720-9C28-F22D42F08019},2022-06-14 20:18:33,Seth.Greer_ucboulder,2022-06-14 20:18:33,Seth.Greer_ucboulder
North Park,heneeceibooo,Buffalo Road,North Park,Arapaho,,Jackson,40.9,-106.3089,61,{44CCD0A7-E714-4D9E-B70E-B6C7B8FF69EE},2022-06-14 20:18:33,Seth.Greer_ucboulder,2022-06-14 20:18:33,Seth.Greer_ucboulder
Notchtop Mountain,hoteinetihii,Mountain Sheeps Trail,Continental Divide,Arapaho,,Grand,40.31705612,-105.6934589,62,{A67BE2A1-8E01-4955-9693-84949534548C},2022-06-14 20:18:33,Seth.Greer_ucboulder,2022-06-14 20:18:33,Seth.Greer_ucboulder
Old Man Mountain,hinen toh3i'okut,Where a Man is Sitting,Estes Park,Arapaho,Site for fasting,Larimer,40.37685476,-105.5424979,63,{7567983A-BDAD-4957-BBF7-7CD099715659},2022-06-14 20:18:33,Seth.Greer_ucboulder,2022-06-14 20:18:33,Seth.Greer_ucboulder
Onahu Creek,hoonouhut,warms himself,Kawuneeche Valley,Arapaho,aka Fish Creek ,Grand,40.31505737,-105.8462383,64,{DF22468A-5FCD-4DE2-91E6-1E7EE4E90460},2022-06-14 20:18:33,Seth.Greer_ucboulder,2022-06-14 20:18:33,Seth.Greer_ucboulder
Owl Canyon,hookoh'o' heetohwoo3ee3ei',Where there are Many Miller Moths,Front Range,Arapaho,,Larimer,40.7625,-105.1755,65,{948AD140-6B0D-43B2-B02D-B97FD030B664},2022-06-14 20:18:33,Seth.Greer_ucboulder,2022-06-14 20:18:33,Seth.Greer_ucboulder
Park on West Creek,woo'teenehi3i' niih'eikuhnee3i',Where Utes were Scattered,North Estes Park,Arapaho,Near Devils Gulch; see West Creek Park,Larimer,40.4482996,-105.4517859,66,{3A331C76-BD3D-4D14-9911-CA946D81C96E},2022-06-14 20:18:33,Seth.Greer_ucboulder,2022-06-14 20:18:33,Seth.Greer_ucboulder
Pikes Peak,heeyoteyoo',Long or Tall Mountain,Front Range,Arapaho,,El Paso,38.8409,-105.0423,67,{BCAEA794-17B9-45C8-B86C-92F0480C00F7},2022-06-14 20:18:33,Seth.Greer_ucboulder,2022-06-14 20:18:33,Seth.Greer_ucboulder
Porphyry Peaks,hite3ounokoy,Crane Lodge,South Grand Lake,Arapaho,,Grand,40.28171561,-105.9450111,68,{3790B224-1511-49EF-84F0-4B47B31B0085},2022-06-14 20:18:33,Seth.Greer_ucboulder,2022-06-14 20:18:33,Seth.Greer_ucboulder
Upper Poudre Valley,ce'eiinox,Game Bag,Cache La Poudre,Arapaho,Game bags also in Middle Park and north of Estes Park,Larimer,40.49787386,-105.7361964,69,{6AADA60E-D2BE-45AD-968D-BA235EDE3CF2},2022-06-14 20:18:33,Seth.Greer_ucboulder,2022-07-05 22:19:03,Seth.Greer_ucboulder
Prospect Mountain,biixuut,The Shirt,Estes Park,Arapaho,,Larimer,40.35760709,-105.5218521,70,{18DF07C5-9555-4AE6-B881-55CC4A7D5953},2022-06-14 20:18:33,Seth.Greer_ucboulder,2022-06-14 20:18:33,Seth.Greer_ucboulder
Sage Brush Flats ,nookhoosei'iini',There is Lots of Sagebrush,Grand Lake,Arapaho,Guess at location,Grand,40.24471535,-105.8472192,71,{2C107E30-8D4E-4970-B93C-9118449713F1},2022-06-14 20:18:33,Seth.Greer_ucboulder,2022-06-14 20:18:33,Seth.Greer_ucboulder
Sand Creek (Big Sandy Creek),noobeiniicie,Sand River,eastern Colorado,Arapaho,likely modern loan translation from English,,38.5482,-102.511,72,{A4A54425-74E0-4086-9FEA-F0B9E1F7D92E},2022-06-14 20:18:33,Seth.Greer_ucboulder,2022-06-14 20:18:33,Seth.Greer_ucboulder
Seven Utes Mountain,niisootoxu3i' heetohwo'teenehi3i',The Seven Utes,Never Summer Range,Arapaho,Battle site between Arapaho and Ute,Grand,40.47645879,-105.9344997,73,{28727872-89C8-42A9-B270-41096001F7D0},2022-06-14 20:18:33,Seth.Greer_ucboulder,2022-06-14 20:18:33,Seth.Greer_ucboulder
Signal Peak,honooxoenoteyoo',Wolf Mountain,North Estes Park,Arapaho,Guess: USGS South Signal Mountain,Larimer,40.51691891,-105.5168171,74,{6DF3C106-4118-4565-BA87-13F3DEF5F864},2022-06-14 20:18:33,Seth.Greer_ucboulder,2022-06-14 20:18:33,Seth.Greer_ucboulder
Specimen Mountain,heetohxouu'oo',Where it Smokes,Kawuneeche Valley,Arapaho,,Grand,40.44384401,-105.8068636,75,{CB3F583C-1855-42C7-B05E-3BA7979130C2},2022-06-14 20:18:33,Seth.Greer_ucboulder,2022-06-14 20:18:33,Seth.Greer_ucboulder
Steep Mountain,heneecee teesnoh'kuhneet,Buffalo Bull Chased up to the Top,Moraine Park,Arapaho,,Larimer,40.34119675,-105.624582,76,{DFB4F088-9FCA-4889-A319-670550D7382D},2022-06-14 20:18:33,Seth.Greer_ucboulder,2022-06-14 20:18:33,Seth.Greer_ucboulder
Stones Peak to Mount Julian and intervening area,woxse'eihtoo,The Bear Paws,Continental Divide,Arapaho,,Grand,40.35237265,-105.7199038,77,{595D04DC-8F6D-47E0-AC36-29FA0C44D52E},2022-06-14 20:18:33,Seth.Greer_ucboulder,2022-06-14 20:18:33,Seth.Greer_ucboulder
Strawberry Creek,bih'ihiikoh'owu',Deer Creek,South Grand Lake,Arapaho,,Grand,40.0766561,-105.8592064,78,{CD0EC8A1-DF5B-4452-ABFD-67728598F4B6},2022-06-14 20:18:33,Seth.Greer_ucboulder,2022-06-14 20:18:33,Seth.Greer_ucboulder
Table Mountain,hiikono,The Lungs,South Grand Lake,Arapaho,,Grand,40.15820887,-105.9031037,79,{8874D2A4-861A-439D-ABCE-3C5DCDBAB199},2022-06-14 20:18:33,Seth.Greer_ucboulder,2022-06-14 20:18:33,Seth.Greer_ucboulder
Taylor Peak,towonoxowoo[t],The Bangs,Continental Divide,Arapaho,For a Pawnee killed on the mountain,Grand,40.27227768,-105.6802279,80,{F89CCB3B-7E9F-4E24-BE82-0A6B27F72F25},2022-06-14 20:18:33,Seth.Greer_ucboulder,2022-06-14 20:18:33,Seth.Greer_ucboulder
Thatchtop Mountain,hii3einoon toh'ouuhut,Buffalo Climb,Continental Divide,Arapaho,,Grand,40.27703194,-105.6525274,81,{8436F633-0355-4DD0-9D3B-DA64B535AEDB},2022-06-14 20:18:33,Seth.Greer_ucboulder,2022-06-14 20:18:33,Seth.Greer_ucboulder
Twin Owls,3ee3i'oteyoo',Twin Owls,Estes Park,Arapaho,,Larimer,40.40156073,-105.5162756,82,{C10F29AD-3360-430F-A5B9-4364701B3560},2022-06-14 20:18:33,Seth.Greer_ucboulder,2022-07-05 22:28:16,Seth.Greer_ucboulder
Walden area (betw. Michigan and Illinois Rivers),beteesibiit,Fasting,North Park,Arapaho,,Jackson,40.7316,-106.2836,83,{A644BC72-65C7-4ED3-9CF5-EB4B5246F3E1},2022-06-14 20:18:33,Seth.Greer_ucboulder,2022-06-14 20:18:33,Seth.Greer_ucboulder
Unknown North Park,tecenoo,The Door,North Park,Arapaho,Door between North Park and Laramie Basin,Jackson,40.9,-106.3089,84,{68F190C3-B562-4D75-ABBE-AFE8C953E172},2022-06-14 20:18:33,Seth.Greer_ucboulder,2022-06-14 20:18:33,Seth.Greer_ucboulder
Watanga Mountain,wo'teenkoo'oh,Chiefs Name; black coyote.  Arapaho leader,Indian Peaks,Arapaho,Named by Colo Geographic Board,Grand,40.1668592,-105.7131722,85,{4F7C93CD-44CD-4507-8CED-2B434B73E5B1},2022-06-14 20:18:33,Seth.Greer_ucboulder,2022-06-14 20:18:33,Seth.Greer_ucboulder
Watha Gulch,wooxe,knife,Eastern Colorado,Arapaho,,Larimer,40.653315,-105.34721,86,{8B9FEDC9-381A-445A-836F-6E0885162267},2022-06-14 20:18:33,Seth.Greer_ucboulder,2022-06-14 20:18:33,Seth.Greer_ucboulder
West Creek Park,heneecee tihtebiini3eet,One-horned Buffalo Bull,North Estes Park,Arapaho,See Park on West Creek,Larimer,40.43874002,-105.4588908,87,{F9020839-0FDE-400B-8DED-1AB2C2793EF5},2022-06-14 20:18:33,Seth.Greer_ucboulder,2022-06-14 20:18:33,Seth.Greer_ucboulder
Willow Creek,ce'eiinox,Game Bag,Cache La Poudre,Arapaho,Guess at location,Larimer,40.47599136,-105.7761035,88,{FCB472D0-4C96-4619-BF38-8071B58FE6C4},2022-06-14 20:18:33,Seth.Greer_ucboulder,2022-06-14 20:18:33,Seth.Greer_ucboulder
Mountain on east side of North Park,heneeceinokoy,Buffalo Lodge,North Park,Arapaho,Could refer to one or more of several peaks in Medicine Bow Range,,,,89,{0D429064-CF54-4A3D-A11E-C90971D49466},2022-06-14 21:19:56,Seth.Greer_ucboulder,2023-09-25 23:59:35,Katherine.Ide_ucboulder
Milner Pass,bih'iibooo,Deer Trail,North Estes Park,Arapaho,Refers to the entirety of Milner Pass,Grand / Larimer,40.41985,-105.811424,90,{8065DC0C-A745-4F7E-8234-F95FC3C6F169},2022-06-14 21:21:31,Seth.Greer_ucboulder,2023-11-01 1:10:31,Katherine.Ide_ucboulder
Chief Hosa Area,houusoo,Chiefs Name: Crow Offspring,,Arapaho,Named by CO Geographic Board,,,,91,{570527C8-BD11-4E0C-AA48-7AB5D073ECB7},2022-06-14 21:24:38,Seth.Greer_ucboulder,2022-06-14 21:25:36,Seth.Greer_ucboulder
Area Connecting North Park and Laramie Basin,tecenoo,The Door,,Arapaho,Door between North Park and Laramie Basin,,,,92,{78DBACC7-7430-4D3F-9EF5-917D6B4E8E26},2022-06-14 21:33:43,Seth.Greer_ucboulder,2022-06-14 21:34:54,Seth.Greer_ucboulder
Watha Gulch,wooxe,Knife,,Arapaho,,,,,93,{ECC1E405-2845-4577-8C6D-C684FC327ADC},2022-06-14 21:35:38,Seth.Greer_ucboulder,2022-06-14 21:36:28,Seth.Greer_ucboulder
Arkansas River,hohoheeniniicii,Flint File River,,Arapaho,,,,,94,{D2C621FD-3DCB-4E2F-9AF7-11644942C9AF},2022-06-29 22:53:26,Seth.Greer_ucboulder,2022-06-29 22:53:58,Seth.Greer_ucboulder
Arkansas River,hohoheeniniicii,Flint File River,,Arapaho,,,,,95,{80760333-6583-4B22-A178-44A40C5EB43D},2022-06-29 22:58:45,Seth.Greer_ucboulder,2022-06-29 22:59:11,Seth.Greer_ucboulder
Arkansas River,hohoheeniniicii,Flint File River,,Arapaho,,,,,96,{8DC0FD26-307D-43CE-B880-7E2CD25C341B},2022-06-29 23:01:05,Seth.Greer_ucboulder,2022-06-29 23:01:28,Seth.Greer_ucboulder
Cache la Poudre River,ho'oowu' heetou',Where there is a House,,Arapaho,,,,,97,{7432BC21-1893-4E57-919C-38F29E22154F},2022-06-29 23:21:07,Seth.Greer_ucboulder,2022-06-29 23:21:45,Seth.Greer_ucboulder
Mount Chauncey,beiines heetohkokoyoo',Square Forts,,Arapaho,,,,,99,{16FE59B7-7FC0-405E-92CB-7D7989AF5484},2022-06-29 23:23:28,Seth.Greer_ucboulder,2022-06-29 23:23:55,Seth.Greer_ucboulder
Cimarron River,heneeceiniinie,Buffalo Bull River,,Arapaho,,,,,100,{B550C179-B24F-4EF6-8631-3EECF09B2A10},2022-06-29 23:25:45,Seth.Greer_ucboulder,2022-06-29 23:26:15,Seth.Greer_ucboulder
Mount Craig,neneehii3ei'oteyoo',Middle Mountain,,Arapaho,Also known as Baldy Mountain,,,,101,{1AC23099-3734-4ACF-8C40-0342E8CD7127},2022-06-29 23:28:45,Seth.Greer_ucboulder,2022-06-29 23:41:55,Seth.Greer_ucboulder
Deer Mountain,cenii3oteyoo',Going-Inside Mountain,,Arapaho,,,,,102,{8839687F-307C-4794-816B-9EF90E7DB51A},2022-06-29 23:33:41,Seth.Greer_ucboulder,2022-06-29 23:34:59,Seth.Greer_ucboulder
Mount Enentah,hineniteenoteyoo',Person Mountain,,Arapaho,English name based on Arapaho,,,,103,{0BB64D03-ACF5-47E4-A16C-702CDF985731},2022-06-29 23:38:47,Seth.Greer_ucboulder,2022-06-29 23:39:47,Seth.Greer_ucboulder
Fountain Creek,konootoowu',Boiling Water,,Arapaho,,,,,104,{E622E590-6F3C-4EBA-97BE-3368849A05C2},2022-07-03 2:02:25,Seth.Greer_ucboulder,2022-07-03 2:03:16,Seth.Greer_ucboulder
Fraser River,benii3oonoo',It is Steep,,Arapaho,,,,,105,{97EB6F78-A846-42D0-BE4A-8CB605370DCC},2022-07-03 2:04:24,Seth.Greer_ucboulder,2022-07-03 2:04:36,Seth.Greer_ucboulder
Fraser River,benii3oonoo',It is Steep,,Arapaho,,,,,106,{D0AE8A9F-FCAE-43B6-9DA0-D2C231FA6A43},2022-07-03 2:05:01,Seth.Greer_ucboulder,2022-07-03 2:05:22,Seth.Greer_ucboulder
Laramie River,ne'iiniicie,Goose River,,Arapaho,,,,,107,{0560DD34-39D8-41D1-A446-189C307C7017},2022-07-03 16:55:41,Seth.Greer_ucboulder,2022-07-03 16:56:07,Seth.Greer_ucboulder
"Lookout, Shadow and Echo Mountain",beniisoteyoo',Piney Mountain,,Arapaho,,,,,108,{3368EA43-313D-4539-9DA9-CD9FDF74BDAC},2022-07-03 17:06:38,Seth.Greer_ucboulder,2022-07-03 17:07:10,Seth.Greer_ucboulder
Mill's Lake,teiitooni'ec,Still Lake,,Arapaho,,,,,109,{A1BD8693-1124-44E1-AC99-EEC7435F1350},2022-07-05 21:54:18,Seth.Greer_ucboulder,2022-07-05 21:54:47,Seth.Greer_ucboulder
Mummy Range,nookbee3eino',White Owls,,Arapaho,"Includes Chiquita, Chapin, Ypsilon, Fairtchild Mountains",,,,110,{70E1FFD3-8934-49DD-979C-A4939C24BC63},2022-07-05 21:55:15,Seth.Greer_ucboulder,2022-07-05 21:56:34,Seth.Greer_ucboulder
Nisa Mountain,niisoo,Twin,,Arapaho,,,,,112,{BF4065DE-506A-4800-8F9E-2928A7036476},2022-07-05 22:01:29,Seth.Greer_ucboulder,2022-07-05 22:01:53,Seth.Greer_ucboulder
North Platte River,bei'i'einiicie,Shell River,,Arapaho,,,,,113,{B85C9CB4-7D6B-4381-B2F0-BA52B153D54D},2022-07-05 22:04:29,Seth.Greer_ucboulder,2022-07-05 22:04:50,Seth.Greer_ucboulder
North Platte River,bei'i'einiicie,Shell River,,Arapaho,,,,,114,{F26C055A-9AB8-42CD-A75A-3021BAC4F766},2022-07-05 22:05:14,Seth.Greer_ucboulder,2022-07-05 22:05:28,Seth.Greer_ucboulder
Mount Olympus and two surrounding peaks,neeneb3i'eiitei'i,Faces to the Wind,,Arapaho,,,,,115,{6258A394-2EE3-4374-9059-494095875804},2022-07-05 22:11:14,Seth.Greer_ucboulder,2022-07-05 22:11:54,Seth.Greer_ucboulder
"Shadow, Lookout and Echo Mountains",beniisoteyoo',Piney Mountain,,Arapaho,,,,,116,{4C06F4D7-FB2D-459C-8E6B-494D82627A30},2022-07-05 22:20:08,Seth.Greer_ucboulder,2022-07-05 22:20:36,Seth.Greer_ucboulder
South Platte River,niineniiniicie,Tallow/Fat River,,Arapaho,,,,,117,{509B9B3D-A39E-4C82-AA12-B28A738665DE},2022-07-05 22:21:05,Seth.Greer_ucboulder,2022-07-05 22:21:36,Seth.Greer_ucboulder
South Platte River,niineniiniicie,Tallow/Fat River,,Arapaho,,,,,118,{ECE60B29-653E-4E58-87AD-FA2E0DDA99DA},2022-07-05 22:24:37,Seth.Greer_ucboulder,2022-07-05 22:24:55,Seth.Greer_ucboulder
Mount Wuh,wox,Bear,,Arapaho,Named by Supt Roger Toll in 1923,,,,119,{DD4F3234-57E9-4F27-8853-79997458679D},2022-07-05 22:30:06,Seth.Greer_ucboulder,2022-07-05 22:30:37,Seth.Greer_ucboulder
"Achonee, Mount",ó‘kénėstse ,Chiefs Name; Named by Colo Geographic Board,Indian Peaks,Cheyenne,Named for Cheyenne subchief One Eye killed at Sand Creek 1864,Grand,40.74362694,-105.6776998,1,{F1CD1817-039F-41BA-86B3-81EA5051287F},2022-06-14 20:17:17,Seth.Greer_ucboulder,2022-06-14 20:17:17,Seth.Greer_ucboulder
Camp Amache,amåhtóohe ?,,Eastern Colorado,Cheyenne,WWII Japanese Relocation Center; Daugher of Cheynne Chief Ochinee,Prowers,38.049444,-102.328611,2,{70016B25-1929-4091-8979-23E383CED855},2022-06-14 20:17:17,Seth.Greer_ucboulder,2022-06-14 20:17:17,Seth.Greer_ucboulder
Cheyenne County,,Tribe Name,Eastern Colorado,Cheyenne,Named by Colo Geographic Board,Cheyenne,38.8003,-102.6216,3,{9DE5ADC0-EC56-4469-BFBE-8688BDF91D1F},2022-06-14 20:17:17,Seth.Greer_ucboulder,2022-06-14 20:17:17,Seth.Greer_ucboulder
Cheyenne Wells Town,,Tribe Name,Eastern Colorado,Cheyenne,Named by Colo Geographic Board,Cheyenne,38.8214,-102.3532,4,{DAB001DD-8909-448D-B5E0-F1618D566198},2022-06-14 20:17:17,Seth.Greer_ucboulder,2022-06-14 20:17:17,Seth.Greer_ucboulder
Long's Peak,,Buffalo Lodge,,Cheyenne,,,40.2549,-105.616,5,{22DAED2B-079A-442D-8949-B6D1526D9AB7},2022-06-14 20:17:17,Seth.Greer_ucboulder,2022-06-14 20:17:17,Seth.Greer_ucboulder
Pikes Peak,,Bald Peak,Front Range,Cheyenne,,,38.8409,-105.0423,6,{5D1CC115-39B6-421D-BCC8-0184A8BEF5BE},2022-06-14 20:17:17,Seth.Greer_ucboulder,2022-06-14 20:17:17,Seth.Greer_ucboulder
Salt Fork of the Arkansas,,Salt River,,Cheyenne,,,37.177778,-99.363333,7,{9705D7EE-9B84-4C66-8EEB-DB8577FEEB17},2022-06-14 20:17:17,Seth.Greer_ucboulder,2022-06-14 20:17:17,Seth.Greer_ucboulder
Sand Creek (Big Sandy Creek),,Dry Creek,eastern Colorado,Cheyenne,,,38.5482,-102.511,8,{C79B5427-33E4-4F19-8FD9-6CB3A222D2A5},2022-06-14 20:17:17,Seth.Greer_ucboulder,2022-06-14 20:17:17,Seth.Greer_ucboulder
Apishapa River,oo'evótåhtsé-o'hé'e,'Quarreling River',,Cheyenne,,,,,10,{B245E281-4869-49D2-A818-26E99B81A250},2022-09-14 18:30:19,Seth.Greer_ucboulder,2022-09-14 18:31:17,Seth.Greer_ucboulder
Arikaree River,ononé-o'hé'e / ónone-ó'he'e,'Arikara River',,Cheyenne,Cf Cheyenne ónone 'Arikara',,,,11,{81E05572-6008-4071-809E-4C929C23DAE0},2022-09-14 18:33:05,Seth.Greer_ucboulder,2022-09-14 19:43:19,Seth.Greer_ucboulder
Arkansas River,motsėsóo(e)né-o'hé'e,'Flint Arrowhead River',,Cheyenne,,,,,12,{034521F8-796A-481E-ADF5-F28A816B49B6},2022-09-14 19:30:34,Seth.Greer_ucboulder,2022-09-14 19:31:03,Seth.Greer_ucboulder
Arkansas River,motsėsóo(e)né-o'hé'e,'Flint Arrowhead River',,Cheyenne,,,,,13,{D728260A-F379-4186-96A5-47B32F518FA4},2022-09-14 19:32:42,Seth.Greer_ucboulder,2022-09-14 19:33:10,Seth.Greer_ucboulder
Cimarron River,hotoa(e)-o'hé'e / hotóa-ó'he'e,'(Buffalo) Bull River',,Cheyenne,"Cf. Cheyenne hotóa-, newer name, borrowed from Comanche",,,,14,{BC46E832-991B-475D-B567-E416BE4CC10F},2022-09-14 19:36:56,Seth.Greer_ucboulder,2022-09-14 19:45:18,Seth.Greer_ucboulder
Crow Creek,ókohké-o'hé'e,'Crow Creek',,Cheyenne,Northern Cheyenne name. Cf. ókohke 'crow bird',,,,15,{892D6743-9DED-4E69-915C-151B7B3439B1},2022-09-14 19:40:13,Seth.Greer_ucboulder,2022-09-14 19:41:02,Seth.Greer_ucboulder
Crow Creek,óoetané-o'hé'e,'Crow Creek',,Cheyenne,Southern Cheyenne name. Cf. óoetane 'Crow Indian',,,,16,{C1B03B2E-BF93-42C9-B1A0-1CDFB9F51ED1},2022-09-14 19:41:23,Seth.Greer_ucboulder,2022-09-14 19:42:07,Seth.Greer_ucboulder
Cimarron River,no'otsehé-o'hé'e,'Many Pipe Smoke River',,Cheyenne,"Cf Cheyenne no'otsehe 'smoke with others', older name, originally Sioux",,,,20,{98B25ED9-63C5-45E2-A18A-AB7960210B10},2022-09-14 19:44:18,Seth.Greer_ucboulder,2022-09-14 19:45:05,Seth.Greer_ucboulder
Fountain Creek,héesevó'te-o'hé'e,'Seething River',,Cheyenne,Cf. Cheyenne héesevo'ta- 'bubbling',,,,21,{CE55B239-BFFA-4BDA-87C9-6CCA91F85030},2022-09-14 19:46:49,Seth.Greer_ucboulder,2022-09-14 19:47:38,Seth.Greer_ucboulder
Arapaho Pass,,Tattoo,Indian Peaks,Crow,Named by Colo Geographic Board 1877,Grand,40.01280932,-105.6763913,1,{B30BED93-7F21-4D20-8F4F-BEEAA4E736F4},2022-06-14 20:16:33,Seth.Greer_ucboulder,2022-06-14 20:16:33,Seth.Greer_ucboulder
Arapaho Peak - North,,Tattoo,Indian Peaks,Crow,Named by Colo Geographic Board 1877,Grand,40.02460099,-105.6499754,2,{2CA817E3-4D5A-4164-AE74-62FE23C204AD},2022-06-14 20:16:33,Seth.Greer_ucboulder,2022-06-14 20:16:33,Seth.Greer_ucboulder
Arapaho Peak - South,,Tattoo,Indian Peaks,Crow,Named by Colo Geographic Board 1877,Grand,40.01777852,-105.6487506,3,{CAF7BC86-43CB-4AAC-BF00-36756202CA3D},2022-06-14 20:16:33,Seth.Greer_ucboulder,2022-06-14 20:16:33,Seth.Greer_ucboulder
Kiowa Peak,,Tribe Name; One of the Indian Peaks,Northern Colorado,Kiowa,Named by Colo Geographic Board,Boulder,40.04589309,-105.6233205,4,{8D55B7BB-050C-4B79-BA7D-CCB125B5B1BC},2022-06-14 20:16:33,Seth.Greer_ucboulder,2022-06-14 20:16:33,Seth.Greer_ucboulder
Santanta Peak,,Chiefs Name; aka Satank,Indian Peaks,Kiowa,Named by Colo Geographic Board,Grand,40.02375272,-105.689191,5,{B3DA61DA-6F91-4D34-9083-A0C37EA2FE11},2022-06-14 20:16:33,Seth.Greer_ucboulder,2022-06-14 20:16:33,Seth.Greer_ucboulder
Arikaree Peak,,Elk Stag,Indian Peaks,Pawnee,Named by Colo Geographic Board 1914,Grand,40.04452625,-105.6377386,6,{6C8A1BC9-73A8-4C03-90CB-661403C29F44},2022-06-14 20:16:33,Seth.Greer_ucboulder,2022-06-14 20:16:33,Seth.Greer_ucboulder
Parika Peak,,horn,Northern Colorado,Pawnee,Unknown who named it,Jackson,40.3831858,-105.9460036,7,{89EA03A9-3E43-4FA2-A2E3-29668B69D749},2022-06-14 20:16:33,Seth.Greer_ucboulder,2022-06-14 20:16:33,Seth.Greer_ucboulder
Pawnee Peak,,Tribe Name; One of the Indian Peaks,Northern Colorado,Pawnee,Named by Colo Geographic Board,Grand,40.07933377,-105.6321872,8,{E447B956-C1CA-4CB5-ADCB-307D1BB278F4},2022-06-14 20:16:33,Seth.Greer_ucboulder,2022-06-14 20:16:33,Seth.Greer_ucboulder
Antero Junction,,Chiefs Name; Unitah Ute Chief Antero,,Ute,Named by Colo Geographic Board,Park,38.9233,-105.9653,1,{21F75352-23E0-4FA1-9A8E-F70EB0D3B0AC},2022-06-14 20:04:27,Seth.Greer_ucboulder,2022-06-14 20:04:27,Seth.Greer_ucboulder
Antero Reservoir,,Chiefs Name; Unitah Ute Chief Antero,,Ute,Named by Colo Geographic Board,Park,38.9909,-105.9054,2,{5A603295-5248-4DF0-AFED-F5A88EFD0C43},2022-06-14 20:04:27,Seth.Greer_ucboulder,2022-06-14 20:04:27,Seth.Greer_ucboulder
"Antero, Mount",,Chiefs Name; Unitah Ute Chief Antero,,Ute,Named by Colo Geographic Board,Chaffee,38.6739,-106.2467,3,{7D283DD3-79F9-478F-A7EF-86FF74892702},2022-06-14 20:04:27,Seth.Greer_ucboulder,2022-06-14 20:04:27,Seth.Greer_ucboulder
Antora Peak,,Chiefs Name; Unitah Ute Chief Antero,,Ute,Possible variant name for Antero,Saguache,38.325,-106.2181,4,{AA1431EC-6B78-465E-9D24-8A0F61714287},2022-06-14 20:04:27,Seth.Greer_ucboulder,2022-06-14 20:04:27,Seth.Greer_ucboulder
Apishapa Pass,,Mossy water,Southeast Colorado,Ute,Pass at head of Apishapa River,Huerfano,37.34851,-105.02464,5,{407FDF86-086C-4E3A-BA35-22E65DEF0430},2022-06-14 20:04:27,Seth.Greer_ucboulder,2022-06-14 20:04:27,Seth.Greer_ucboulder
Atchee Town,,Chiefs Name: bow or fathers younger brother,Central Colorado,Ute,Ute Chief,Garfield,39.563,-108.9129,6,{DCBB8684-D890-4B68-B411-4C60F239ED64},2022-06-14 20:04:27,Seth.Greer_ucboulder,2022-06-14 20:04:27,Seth.Greer_ucboulder
Awaiukut Plateau,,Chiefs Name: he's not coming,Western Colorado,Ute,Also spelled O-Wi-Yu-Kuts; Named by Colo Geographic Board ,Moffat,39.1,-109.1,7,{53E337C6-A94B-445D-9F05-DA19EF118AA8},2022-06-14 20:04:27,Seth.Greer_ucboulder,2022-06-14 20:04:27,Seth.Greer_ucboulder
Chipeta,,A Spring,Southwest Colorado,Ute,Wife of Ute Chief Ouray -- name on several features,Many,38.6811,-108.009,8,{11EFDC66-0B0A-47AA-9CB2-3C3B816E10E8},2022-06-14 20:04:27,Seth.Greer_ucboulder,2022-06-14 20:04:27,Seth.Greer_ucboulder
Cochetopa Dome,,Buffalo Emerging,San Luis Valley,Ute,Source of obsidian,Saguache,38.2267,-106.7148,9,{71BE51FF-E4F5-4A79-B453-1321D9641181},2022-06-14 20:04:27,Seth.Greer_ucboulder,2022-06-14 20:04:27,Seth.Greer_ucboulder
Cochetopa Pass,,Buffalo Emerging,San Luis Valley,Ute,"Pass also called ""North Pass"" between San L and Gunnison",Saguache,38.1629,-106.5998,10,{5E7D0B19-307F-4F8E-96E6-2AE6E660DC54},2022-06-14 20:04:27,Seth.Greer_ucboulder,2022-06-14 20:04:27,Seth.Greer_ucboulder
Colorow Mountain,,Chiefs Name: Red (?),Several Locations,Ute,Ute Indian chief of Comanche origins,Rio Blanco,40.1822,-108.179,11,{D9EFB261-615F-4DDF-A67E-13D13B51A5BB},2022-06-14 20:04:27,Seth.Greer_ucboulder,2022-06-14 20:04:27,Seth.Greer_ucboulder
Comanche Peak,,Enemy Foreigner,Eastern Colorado,Ute,,Larimer,32.2984,-97.7853,12,{48840D48-6955-49CE-8D94-7CAFF0AEDD68},2022-06-14 20:04:27,Seth.Greer_ucboulder,2022-06-14 20:04:27,Seth.Greer_ucboulder
Comanche Town,,Enemy Foreigner,Eastern Colorado,Ute,,Adams,39.9855,-104.3005,13,{495CE80F-6C9B-45A6-8F4E-10AB46CB20D4},2022-06-14 20:04:27,Seth.Greer_ucboulder,2022-06-14 20:04:27,Seth.Greer_ucboulder
Curecanti Needle,,Chiefs Name; Curicata was a Tabeguache Ute Chief,Southern Colorado,Ute,Named by Colo Geographic Board,Gunnison,38.448889,-107.414167,14,{965D4912-9B26-434F-AA9E-C950EB2091F0},2022-06-14 20:04:27,Seth.Greer_ucboulder,2022-06-14 20:04:27,Seth.Greer_ucboulder
Curecanti Pass,,Chiefs Name; Curicata was a Tabeguache Ute Chief,Southern Colorado,Ute,Named by Colo Geographic Board,Gunnison,38.7089,-107.3706,15,{A7E841BF-96C1-4FEE-8A03-0DCFA08D8A38},2022-06-14 20:04:27,Seth.Greer_ucboulder,2022-06-14 20:04:27,Seth.Greer_ucboulder
Douglas Pass,,"Chiefs Name; White River Ute Chief called ""Douglas""",Eastern Colorado,Ute,Named by Colo Geographic Board,Garfield,39.5975,-108.8032,16,{DAF9FC8F-5752-4FEE-BFCB-ECB1C6E2F3F6},2022-06-14 20:04:27,Seth.Greer_ucboulder,2022-06-14 20:04:27,Seth.Greer_ucboulder
Gateway,,,Western Colorado,Ute,So called because of location on old Ute Trail,Mesa,38.6807,-108.9769,17,{EEC6F6F9-2668-4BB4-9441-C005589AFE59},2022-06-14 20:04:27,Seth.Greer_ucboulder,2022-06-14 20:04:27,Seth.Greer_ucboulder
Grand Lake,,"Big, Holy, or Spirit Lake",Spirit Lake,Ute,,Grand,40.24257082,-105.8159199,18,{1B6228F8-C6A2-4E8A-9C82-CA46F166CFD8},2022-06-14 20:04:27,Seth.Greer_ucboulder,2022-06-14 20:04:27,Seth.Greer_ucboulder
Hovenweep Canyon,,Bone Canyon,Southwest Colorado,Ute,,Montezuma,37.3838,-109.0726,19,{2569C358-15D4-4482-94B3-7CBE99E2FF2F},2022-06-14 20:04:27,Seth.Greer_ucboulder,2022-06-14 20:04:27,Seth.Greer_ucboulder
Kannah,,Willow or Valley of Willows,Western Colorado,Ute,Town (?) and Creek on Gunnison River,Mesa,38.9391,-108.447,20,{184ED0E2-F1AE-438B-BDE6-7935CB4538C2},2022-06-14 20:04:27,Seth.Greer_ucboulder,2022-06-14 20:04:27,Seth.Greer_ucboulder
Longs Peak,,Beaver Mountain,Continental Divide,Ute,Ute Name,Boulder,40.25271087,-105.6156191,21,{5383F340-6AFC-4901-BF20-4A14C3AFA2CC},2022-06-14 20:04:27,Seth.Greer_ucboulder,2022-06-14 20:04:27,Seth.Greer_ucboulder
Morapos,,something big,Northwestern Colorado,Ute,Could also be a Scottish name,Moffat,40.181,-108.4608,22,{7D828E9E-D2B3-457B-A25A-DECE038B7671},2022-06-14 20:04:27,Seth.Greer_ucboulder,2022-06-14 20:04:27,Seth.Greer_ucboulder
Narraguinnep Canyon,,battleground,Southwest Colorado,Ute,,Dolores,37.6603,-108.7345,23,{C26938A1-A472-4F1F-BA4B-7B504140AE4D},2022-06-14 20:04:27,Seth.Greer_ucboulder,2022-06-14 20:04:27,Seth.Greer_ucboulder
"Neva, Mount",,song; also nevo.  Brother of Chief Niwot,Northern Colorado,Ute, Named by Colo Geographic Board,Boulder,40.00492521,-105.6872209,24,{4D677855-1679-42E1-A3D3-123562249CC4},2022-06-14 20:04:27,Seth.Greer_ucboulder,2022-06-14 20:04:27,Seth.Greer_ucboulder
Ouray County,,Chiefs Name: Ute,Western Colorado,Ute,Named by Colo Geographic Board; see Bangert 1986 for Ouray Bio.,Ouray,38.0228,-107.6714,25,{18958A58-4B50-4B82-B847-6A291AF2DD02},2022-06-14 20:04:27,Seth.Greer_ucboulder,2022-06-14 20:04:27,Seth.Greer_ucboulder
Ouray Mountain,,Chiefs Name: Ute,Western Colorado,Ute,Named by Colo Geographic Board,Saguache,38.4225,-106.2253,26,{BC3D3F15-D506-4899-B420-7D8EEBBA52E1},2022-06-14 20:04:27,Seth.Greer_ucboulder,2022-06-14 20:04:27,Seth.Greer_ucboulder
Ouray Peak,,Chiefs Name: Ute,Western Colorado,Ute,Named by Colo Geographic Board,Chaffee,39.0542,-106.565,27,{802CD0AB-371F-401A-B80B-CD8CE16FA0F2},2022-06-14 20:04:27,Seth.Greer_ucboulder,2022-06-14 20:04:27,Seth.Greer_ucboulder
O-Wi-Yu-Kuts Plateau,,Chiefs Name; he's not coming.  ,Western Colorado,Ute,Also spelled Awaiukut; Named by Colo Geographic Board,Moffat,39.1,-109.1,28,{CDB9B8EE-9E1E-4849-8C96-757EF8031F2C},2022-06-14 20:04:27,Seth.Greer_ucboulder,2022-06-14 20:04:27,Seth.Greer_ucboulder
Pagosa Peak,,hot spring water,Southwest Colorado,Ute,,Archuleta,37.443908,-107.066752,29,{BF1AF5C1-C621-4C5B-9ED1-1E7B15CD5E08},2022-06-14 20:04:27,Seth.Greer_ucboulder,2022-06-14 20:04:27,Seth.Greer_ucboulder
Pagosa Springs,,hot spring water,Southwest Colorado,Ute,,Archuleta,37.2694,-107.0098,30,{4DE68D7F-D71F-4599-82F9-E1CB6F358505},2022-06-14 20:04:27,Seth.Greer_ucboulder,2022-06-14 20:04:27,Seth.Greer_ucboulder
Pahlone Peak,,thunder while raining,Central Colorado,Ute,Son of Chief Ouray,Chaffee,38.4806,-106.2581,31,{71BC40FB-C4AE-411A-B5BD-D42646BAAF72},2022-06-14 20:04:27,Seth.Greer_ucboulder,2022-06-14 20:04:27,Seth.Greer_ucboulder
Rawah Peaks,,crest of a mountain ridge,Northern Colorado,Ute,,Larimer,39.7639877,-105.9497911,32,{45F66EAC-338C-4337-8AF6-423286B2198E},2022-06-14 20:04:27,Seth.Greer_ucboulder,2022-06-14 20:04:27,Seth.Greer_ucboulder
Sapinero,,Chiefs Name; Brother-in-law of Chief Ouray,Central Colorado,Ute,Name could be Spanish; Named by Colo Geographic Board,Gunnison,38.4594,-107.3023,33,{FDF7727E-A730-485D-807B-C9A5876BAA19},2022-06-14 20:04:27,Seth.Greer_ucboulder,2022-06-14 20:04:27,Seth.Greer_ucboulder
Tabeguache Peak,,Tribe Name for Northern Ute,Central Colorado,Ute,Named by Colo Geographic Board,Chaffee,38.6253,-106.2509,34,{29051FD8-39BB-4F35-BFC0-48FD765C5390},2022-06-14 20:04:27,Seth.Greer_ucboulder,2022-06-14 20:04:27,Seth.Greer_ucboulder
Tabernash Town,,having a camp. ,Northern Colorado,Ute,Ute Indian killed here in 1879;  Named by local rancher,Grand,39.98966346,-105.8414945,35,{4165CC07-7C0E-4D06-A7C0-B72527112105},2022-06-14 20:04:27,Seth.Greer_ucboulder,2022-06-14 20:04:27,Seth.Greer_ucboulder
Timpas ,,stone or iron,Eastern Colorqdo,Ute,"May be Spanish, Paiute, or Ute",Otero,37.8181,-103.7741,36,{E580B26B-ACE2-4A68-8FC0-E209CF63BB27},2022-06-14 20:04:27,Seth.Greer_ucboulder,2022-06-14 20:04:27,Seth.Greer_ucboulder
Toponas,,Meaning of word is unknown,Northwestern Colorado,Ute,,Routt,40.0603,-106.8081,37,{95AA4E78-5A4C-4E5C-AD7C-AD07AD7000F5},2022-06-14 20:04:27,Seth.Greer_ucboulder,2022-06-14 20:04:27,Seth.Greer_ucboulder
Towaoc,,"all right, its good, thank you",Southwest Colorado,Ute,Capitol of Ute Mountain Indian Reservation,Montezuma,37.2044,-108.7295,38,{64A0800D-576F-424A-B6B0-9A85DEF419D8},2022-06-14 20:04:27,Seth.Greer_ucboulder,2022-06-14 20:04:27,Seth.Greer_ucboulder
Unaweep Canyon and Divide,,fire canyon,Western Colorado,Ute,,Mesa,38.7906,-108.655,39,{1215AF7F-BA8B-4AF0-B6BA-8C298A9B729C},2022-06-14 20:04:27,Seth.Greer_ucboulder,2022-06-14 20:04:27,Seth.Greer_ucboulder
Uncompahgre Peak,,red lake.  ,Western Colorado,Ute,Name recorded by Dominguez-Escalante in 1776,Hinsdale,38.0717,-107.462,40,{56E41B99-120A-446A-9CC1-6ADC1ED55EA8},2022-06-14 20:04:27,Seth.Greer_ucboulder,2022-06-14 20:04:27,Seth.Greer_ucboulder
Uneva,,mountainous country,Central Colorado,Ute,,Summit,39.5572,-106.1961,41,{502DCA28-07C5-4290-975C-F2D83B7F09A9},2022-06-14 20:04:27,Seth.Greer_ucboulder,2022-06-14 20:04:27,Seth.Greer_ucboulder
Wasatch Mountain,,blue heron.,Western Colorado,Ute,Named by Colo Geographic Board,San Miguel,37.89,-107.7959,42,{9859BC07-C9AF-4D36-910E-240FCDE03796},2022-06-14 20:04:27,Seth.Greer_ucboulder,2022-06-14 20:04:27,Seth.Greer_ucboulder
Weminuche,,canyon people,Southwest Colorado,Ute,Weminuche Band of Ute; Weminuche Creek and Wilderness,Hinsdale,37.4667,-106.9789,43,{E8F1032E-FE73-4D19-9E0C-43363C33C3E0},2022-06-14 20:04:27,Seth.Greer_ucboulder,2022-06-14 20:04:27,Seth.Greer_ucboulder
Yampa,,Name for plant Perideridia gairdneri,Western Colorado,Ute,Yampa River; Yampa/White River Band,Many,40.1525,-106.9087,44,{05EF7DEC-2067-443C-A50B-891A6B6B292D},2022-06-14 20:04:27,Seth.Greer_ucboulder,2022-06-14 20:04:27,Seth.Greer_ucboulder
